{
  "train_losses": [
    1.8602142574325684,
    1.7180313573729606,
    1.6519320052798077,
    1.5882417940965263,
    1.5448905280841294,
    1.4990651996866349,
    1.4848882365290836,
    1.4445425509124674,
    1.416239125914471,
    1.4151352869887506,
    1.385744448791268,
    1.3787337605671217,
    1.3561582762387492,
    1.3468350324259009,
    1.3403933746840364,
    1.315519538297448,
    1.3150336901026387,
    1.3095530149757222,
    1.2894381071611116,
    1.2817201523050186,
    1.2836903747050994,
    1.2802294303653061,
    1.2469493009710824,
    1.248570159878782,
    1.2355846812327702,
    1.2332554634219857,
    1.2228314584942275,
    1.2292835885478604,
    1.2178641479181986,
    1.2101493670094399,
    1.2107230192551048,
    1.2107757642384498,
    1.1898388584615083
  ],
  "val_losses": [
    1.7006615113329004,
    1.6355214538397613,
    1.561596777704027,
    1.5397665942156757,
    1.504020591576894,
    1.4230582846535578,
    1.4585000784308821,
    1.343214342991511,
    1.394173213729152,
    1.43692155568688,
    1.3452985054916806,
    1.2874808730902496,
    1.2972233516198617,
    1.2857502268420324,
    1.2569294858861852,
    1.3051744732591841,
    1.2604012974986323,
    1.2593164521235007,
    1.2406910823451147,
    1.2258488072289362,
    1.2545674487396523,
    1.2491581175062392,
    1.2445498053674344,
    1.2133923261253923,
    1.200163899196519,
    1.2163986414670944,
    1.2633126709196303,
    1.2237459040350385,
    1.2072862739916201,
    1.2145821463178705,
    1.2282842342500333,
    1.2241999291711383,
    1.2459217961187716
  ],
  "val_accuracies": [
    0.36941176470588233,
    0.42,
    0.43176470588235294,
    0.46,
    0.46588235294117647,
    0.4976470588235294,
    0.4776470588235294,
    0.5411764705882353,
    0.5047058823529412,
    0.4682352941176471,
    0.5141176470588236,
    0.5164705882352941,
    0.5411764705882353,
    0.5458823529411765,
    0.5682352941176471,
    0.5223529411764706,
    0.5494117647058824,
    0.5635294117647058,
    0.5541176470588235,
    0.5752941176470588,
    0.5517647058823529,
    0.5635294117647058,
    0.548235294117647,
    0.5705882352941176,
    0.5835294117647059,
    0.5670588235294117,
    0.5435294117647059,
    0.5729411764705883,
    0.5764705882352941,
    0.571764705882353,
    0.5494117647058824,
    0.5741176470588235,
    0.5529411764705883
  ],
  "best_val_loss": 1.200163899196519,
  "best_val_acc": 0.5835294117647059,
  "best_epoch": 25,
  "config": {
    "num_classes": 8,
    "cnn_dropout": 0.3,
    "classifier_dropout": 0.3,
    "gru_hidden_size": 32,
    "gru_num_layers": 2,
    "batch_size": 16,
    "epochs": 60
  },
  "model_name": "cnn_gru_model_20250808_225347"
}