experiment_id,learning_rate,cnn_dropout,classifier_dropout,weight_decay,batch_size,best_val_acc,train_val_gap,early_stopped,total_epochs,training_time_min,parameter_count
1,0.001,0.3,0.3,0.0001,16,0.5988235294117648,0.011670920638689353,False,45,42.34587709506353,39050
2,0.001,0.3,0.3,0.0001,32,0.5835294117647059,0.005269780969905602,True,38,27.964814201990762,39050
3,0.001,0.3,0.3,0.0001,48,0.5882352941176471,0.011831977998060905,False,45,28.190499409039816,39050
