{
  "train_losses": [
    1.964912188309495,
    1.7911782501846232,
    1.7489384576197593,
    1.6995288745690418,
    1.673328491949266,
    1.6500993056963849,
    1.5986904809551854,
    1.5911968875956792,
    1.5463268087115338,
    1.541761918574251,
    1.531495953920067,
    1.5019015347765339,
    1.492798889997185,
    1.4831337103600144,
    1.4622805344481622,
    1.4556260982187845,
    1.433127897721465,
    1.4349037556238071,
    1.4174595824492875,
    1.4140353074637793,
    1.4174775761622254,
    1.3977776674493667,
    1.3912815581406317,
    1.3790399922478584,
    1.3804874966541927,
    1.3741584481090627,
    1.363340729827522,
    1.3532541615347708,
    1.3521553050446253,
    1.3362112881675843,
    1.3473955820645056,
    1.3256233695053286,
    1.327730723606643,
    1.3129761762196017,
    1.3073665576596414,
    1.3071377294999298,
    1.3008548623772078,
    1.2993291265541507,
    1.2936683705737513,
    1.2835614149288466,
    1.2707671327616579,
    1.2633388127370546,
    1.2659895251835547,
    1.2617909599055526,
    1.2622413771447314,
    1.2666790030335868,
    1.2645730709516874,
    1.2562105968113868,
    1.2586249181980729
  ],
  "val_losses": [
    1.7724575643186216,
    1.6916277717660975,
    1.6743925390420136,
    1.624512250776644,
    1.59339944963102,
    1.5506903418788203,
    1.5337486642378348,
    1.521003743012746,
    1.461768013459665,
    1.4599980778164334,
    1.458321624332004,
    1.4564103484153748,
    1.4053139940456107,
    1.402541493927991,
    1.3970507515801325,
    1.4004313559443862,
    1.4242945865348533,
    1.3771702227769074,
    1.381319933467441,
    1.3768895698918238,
    1.379010991917716,
    1.349445041682985,
    1.354178034596973,
    1.3040956446418055,
    1.3027624333346333,
    1.3015241082067843,
    1.3147005482956216,
    1.3141164459564068,
    1.2922821916915752,
    1.2839005600523066,
    1.2948992274425648,
    1.2833650123189997,
    1.2770228452152677,
    1.2696065792330988,
    1.258576300409105,
    1.2461680924450909,
    1.2775590905436762,
    1.2502866310101968,
    1.2371010184288025,
    1.2449577781889174,
    1.2140027991047613,
    1.2049841991177312,
    1.2225486084266945,
    1.2201494375864665,
    1.2223649157418146,
    1.209465116262436,
    1.2072969366002966,
    1.2077605569804157,
    1.209865666098065
  ],
  "val_accuracies": [
    0.35294117647058826,
    0.3764705882352941,
    0.4,
    0.40941176470588236,
    0.42470588235294116,
    0.45176470588235296,
    0.4505882352941176,
    0.4647058823529412,
    0.48823529411764705,
    0.4988235294117647,
    0.4858823529411765,
    0.4752941176470588,
    0.5047058823529412,
    0.5105882352941177,
    0.5047058823529412,
    0.49411764705882355,
    0.49529411764705883,
    0.5164705882352941,
    0.5070588235294118,
    0.5094117647058823,
    0.5152941176470588,
    0.52,
    0.5164705882352941,
    0.5423529411764706,
    0.548235294117647,
    0.5376470588235294,
    0.5364705882352941,
    0.5258823529411765,
    0.5223529411764706,
    0.5517647058823529,
    0.5294117647058824,
    0.5364705882352941,
    0.5470588235294118,
    0.5388235294117647,
    0.5494117647058824,
    0.56,
    0.5388235294117647,
    0.5517647058823529,
    0.5611764705882353,
    0.5611764705882353,
    0.5741176470588235,
    0.5741176470588235,
    0.5611764705882353,
    0.5729411764705883,
    0.5647058823529412,
    0.5729411764705883,
    0.58,
    0.5752941176470588,
    0.5588235294117647
  ],
  "best_val_loss": 1.2140027991047613,
  "best_val_acc": 0.5741176470588235,
  "best_epoch": 41,
  "config": {
    "num_classes": 8,
    "cnn_dropout": 0.3,
    "classifier_dropout": 0.3,
    "gru_hidden_size": 32,
    "gru_num_layers": 2,
    "learning_rate": 0.0003,
    "weight_decay": 1e-05,
    "batch_size": 16,
    "epochs": 60
  },
  "model_name": "cnn_gru_model_20250807_234024"
}