{
  "train_losses": [
    1.8708858047762225,
    1.7048434368384782,
    1.631265833813657,
    1.589024995283414,
    1.5423860383290116,
    1.5033216061451102,
    1.4677148201773245,
    1.4525949682599755,
    1.437144477360992,
    1.4117957355194195,
    1.3878370582736947,
    1.37498323795616,
    1.3576117478391176,
    1.344964758843504,
    1.3233979089606194,
    1.3308236477195576,
    1.3221250993590201,
    1.313081888902572,
    1.3002145851171145,
    1.2869861492867112,
    1.2763783792334218,
    1.2641590585311253,
    1.2660287150772669,
    1.2492672171323531,
    1.2498061645735976,
    1.24084480731718,
    1.2003712300010907,
    1.1837832761067215,
    1.1751734007911017,
    1.1727784072519631,
    1.1740648089557566,
    1.1602021597566143,
    1.1722218127500625,
    1.1636039949552988,
    1.1656117210945776,
    1.1563294453005637,
    1.1514500416414712
  ],
  "val_losses": [
    1.7261641400831718,
    1.6003197453640126,
    1.5324868868898462,
    1.5413341610519975,
    1.511207777040976,
    1.4189573106942353,
    1.4354747611063499,
    1.415535443358951,
    1.4803342510152746,
    1.3802508535208526,
    1.3720872170395322,
    1.3051901790830824,
    1.284747862153583,
    1.310042221237112,
    1.2780845750261236,
    1.2778757402190455,
    1.2879470465359864,
    1.2959184878402286,
    1.3053273790412478,
    1.2448420668089832,
    1.276664509817406,
    1.2525998287730746,
    1.253434869978163,
    1.2470130489932165,
    1.2406196936413094,
    1.2285333242681291,
    1.2043497308536812,
    1.195805652274026,
    1.1787003344959683,
    1.2080614986243072,
    1.1953476601176791,
    1.1881537779613778,
    1.1824533255011946,
    1.1859282928484458,
    1.1804425594983277,
    1.1775413387351565,
    1.1948683361212413
  ],
  "val_accuracies": [
    0.3811764705882353,
    0.4470588235294118,
    0.4364705882352941,
    0.4258823529411765,
    0.4447058823529412,
    0.5117647058823529,
    0.48470588235294115,
    0.5070588235294118,
    0.4623529411764706,
    0.5152941176470588,
    0.5188235294117647,
    0.54,
    0.5552941176470588,
    0.5376470588235294,
    0.5541176470588235,
    0.5411764705882353,
    0.5588235294117647,
    0.5494117647058824,
    0.5435294117647059,
    0.5670588235294117,
    0.5552941176470588,
    0.5635294117647058,
    0.5635294117647058,
    0.56,
    0.5623529411764706,
    0.5647058823529412,
    0.5835294117647059,
    0.5811764705882353,
    0.5788235294117647,
    0.5788235294117647,
    0.5847058823529412,
    0.5705882352941176,
    0.5847058823529412,
    0.5741176470588235,
    0.5870588235294117,
    0.5811764705882353,
    0.5835294117647059
  ],
  "best_val_loss": 1.1787003344959683,
  "best_val_acc": 0.5788235294117647,
  "best_epoch": 29,
  "config": {
    "num_classes": 8,
    "cnn_dropout": 0.3,
    "classifier_dropout": 0.3,
    "gru_hidden_size": 32,
    "gru_num_layers": 2,
    "batch_size": 16,
    "epochs": 60
  },
  "model_name": "cnn_gru_model_20250809_002212"
}