{
  "validation_accuracy": 0.6105882352941177,
  "test_accuracy": 0.6170588235294118,
  "test_report": {
    "Electronic": {
      "precision": 0.6479591836734694,
      "recall": 0.596244131455399,
      "f1-score": 0.6210268948655256,
      "support": 213.0
    },
    "Experimental": {
      "precision": 0.41843971631205673,
      "recall": 0.27699530516431925,
      "f1-score": 0.3333333333333333,
      "support": 213.0
    },
    "Folk": {
      "precision": 0.604,
      "recall": 0.7089201877934272,
      "f1-score": 0.652267818574514,
      "support": 213.0
    },
    "Hip-Hop": {
      "precision": 0.6413502109704642,
      "recall": 0.7169811320754716,
      "f1-score": 0.6770601336302895,
      "support": 212.0
    },
    "Instrumental": {
      "precision": 0.6728971962616822,
      "recall": 0.6792452830188679,
      "f1-score": 0.676056338028169,
      "support": 212.0
    },
    "International": {
      "precision": 0.7310924369747899,
      "recall": 0.8207547169811321,
      "f1-score": 0.7733333333333333,
      "support": 212.0
    },
    "Pop": {
      "precision": 0.5314009661835749,
      "recall": 0.5164319248826291,
      "f1-score": 0.5238095238095238,
      "support": 213.0
    },
    "Rock": {
      "precision": 0.6082949308755761,
      "recall": 0.6226415094339622,
      "f1-score": 0.6153846153846154,
      "support": 212.0
    },
    "accuracy": 0.6170588235294118,
    "macro avg": {
      "precision": 0.6069293301564517,
      "recall": 0.617276773850651,
      "f1-score": 0.6090339988699129,
      "support": 1700.0
    },
    "weighted avg": {
      "precision": 0.606796437536183,
      "recall": 0.6170588235294118,
      "f1-score": 0.6088541762670325,
      "support": 1700.0
    }
  },
  "config": {
    "num_classes": 8,
    "cnn_dropout": 0.2,
    "classifier_dropout": 0.4,
    "gru_hidden_size": 32,
    "gru_num_layers": 2,
    "learning_rate": 0.001,
    "beta2": 0.999,
    "weight_decay": 0.03,
    "batch_size": 16,
    "epochs": 60
  },
  "model_name": "cnn_gru_model_20250809_163418"
}